{
  "project_info": {
    "project_number": "997631733553",
    "project_id": "rma-lv2-63696",
    "storage_bucket": "rma-lv2-63696.appspot.com"
  },
  "client": [
    {
      "client_info": {
        "mobilesdk_app_id": "1:997631733553:android:2f4c5c7d77c70dad214a10",
        "android_client_info": {
          "package_name": "rma.lv1"
        }
      },
      "oauth_client": [],
      "api_key": [
        {
          "current_key": "AIzaSyCYGE5LAzAJ-Bct5kDFpasfF_pTgxWYtoY"
        }
      ],
      "services": {
        "appinvite_service": {
          "other_platform_oauth_client": []
        }
      }
    }
  ],
  "configuration_version": "1"
}